City_ID,City,Country,Date,Lat,Lng,Max Temp,Humidity,Cloudiness,Wind Speed
0,Broome,US,2022-02-27 16:38:58,42.2506,-75.833,33.44,73,9,15.3
1,Mahebourg,MU,2022-02-27 16:38:07,-20.4081,57.7,80.26,89,40,3.44
2,San Cristobal,VE,2022-02-27 16:38:59,7.7669,-72.225,84.79,43,78,3.31
3,Ushuaia,AR,2022-02-27 16:37:49,-54.8,-68.3,43.05,89,97,3.38
4,Lavrentiya,RU,2022-02-27 16:38:59,65.5833,-171.0,29.19,94,100,16.44
5,Mount Isa,AU,2022-02-27 16:38:59,-20.7333,139.5,83.97,32,8,6.91
6,Svetlogorsk,BY,2022-02-27 16:38:59,52.6333,29.7333,28.83,79,100,11.32
7,Liberty,US,2022-02-27 16:39:00,31.8335,-81.5004,70.59,74,100,5.08
8,Bluff,NZ,2022-02-27 16:37:46,-46.6,168.3333,45.63,83,51,5.73
9,Shenjiamen,CN,2022-02-27 16:39:00,29.9576,122.298,49.98,84,4,14.03
10,Cape Town,ZA,2022-02-27 16:34:03,-33.9258,18.4232,83.08,43,0,9.22
11,Novovasylivka,UA,2022-02-27 16:39:00,46.8315,35.7536,37.17,62,14,7.45
12,Bandarbeyla,SO,2022-02-27 16:39:00,9.4942,50.8122,77.52,74,12,16.37
13,East London,ZA,2022-02-27 16:39:01,-33.0153,27.9116,73.96,82,78,16.84
14,Butaritari,KI,2022-02-27 16:39:01,3.0707,172.7902,81.7,81,74,18.63
15,Albany,US,2022-02-27 16:33:38,42.6001,-73.9662,37.81,49,38,8.01
16,Castro,BR,2022-02-27 16:39:01,-24.7911,-50.0119,84.54,44,27,0.45
17,Sobolevo,RU,2022-02-27 16:39:02,54.4299,31.8996,15.06,95,51,5.61
18,Nome,US,2022-02-27 16:39:02,64.5011,-165.4064,30.27,93,100,13.8
19,Tuktoyaktuk,CA,2022-02-27 16:39:02,69.4541,-133.0374,-12.71,87,6,13.62
20,Jamestown,US,2022-02-27 16:34:06,42.097,-79.2353,30.34,83,16,18.45
21,Andenes,NO,2022-02-27 16:39:03,69.3143,16.1194,40.98,75,75,41.43
22,Tautira,PF,2022-02-27 16:39:03,-17.7333,-149.15,80.82,78,98,16.35
23,Urengoy,RU,2022-02-27 16:39:03,65.9667,78.3667,10.6,89,100,23.24
24,Anloga,GH,2022-02-27 16:39:03,5.7947,0.8973,82.49,80,24,15.3
25,Yangambi,CD,2022-02-27 16:39:04,0.8102,24.4336,75.52,77,92,2.46
26,Georgetown,MY,2022-02-27 16:39:04,5.4112,100.3354,80.53,86,20,3.44
27,Rikitea,PF,2022-02-27 16:37:44,-23.1203,-134.9692,78.87,74,74,8.55
28,Severo-Kurilsk,RU,2022-02-27 16:37:42,50.6789,156.125,26.98,87,39,10.58
29,Hilo,US,2022-02-27 16:37:48,19.7297,-155.09,69.53,71,100,6.91
30,Fukue,JP,2022-02-27 16:39:04,32.6881,128.8419,49.71,49,0,8.9
31,Carnarvon,AU,2022-02-27 16:39:05,-24.8667,113.6333,75.79,78,1,17.72
32,Katsuura,JP,2022-02-27 16:37:47,35.1333,140.3,45.79,59,5,9.95
33,Bethel,US,2022-02-27 16:37:42,41.3712,-73.414,39.58,41,0,14.12
34,Nova Russas,BR,2022-02-27 16:39:05,-4.7067,-40.5631,91.45,39,100,2.89
35,Yellowknife,CA,2022-02-27 16:39:05,62.456,-114.3525,-16.58,77,20,2.3
36,Valparaiso,CL,2022-02-27 16:36:05,-33.0393,-71.6273,72.12,52,0,22.93
37,Mecca,SA,2022-02-27 16:39:06,21.4267,39.8261,75.4,45,48,8.95
38,Urumqi,CN,2022-02-27 16:38:05,43.801,87.6005,24.84,64,4,1.19
39,New Norfolk,AU,2022-02-27 16:39:06,-42.7826,147.0587,56.97,98,100,0.34
40,Mar Del Plata,AR,2022-02-27 16:37:02,-38.0023,-57.5575,74.3,83,83,5.3
41,Ocos,GT,2022-02-27 16:39:06,14.5094,-92.1933,83.25,65,1,8.21
42,Cabo San Lucas,MX,2022-02-27 16:39:07,22.8909,-109.9124,75.06,71,0,3.0
43,Eyl,SO,2022-02-27 16:40:07,7.9803,49.8164,78.73,71,5,18.16
44,Hobart,AU,2022-02-27 16:40:07,-42.8794,147.3294,58.53,94,100,2.48
45,Hermanus,ZA,2022-02-27 16:40:07,-34.4187,19.2345,79.05,63,0,4.99
46,Port Alfred,ZA,2022-02-27 16:37:43,-33.5906,26.891,73.56,82,80,21.39
47,Jumla,NP,2022-02-27 16:40:08,29.2747,82.1838,32.34,87,63,4.14
48,Dunn,US,2022-02-27 16:40:08,44.95,-91.8835,22.64,81,51,5.37
49,Acarau,BR,2022-02-27 16:40:08,-2.8856,-40.12,88.45,57,47,18.52
50,Kloulklubed,PW,2022-02-27 16:40:09,7.0419,134.2556,77.5,82,39,16.2
51,Sibolga,ID,2022-02-27 16:40:09,1.7427,98.7792,75.67,91,97,4.43
52,Axim,GH,2022-02-27 16:40:09,4.8699,-2.2405,83.17,73,32,7.78
53,Ponta Do Sol,PT,2022-02-27 16:37:47,32.6667,-17.1,63.23,66,1,1.72
54,Puerto Ayora,EC,2022-02-27 16:40:10,-0.7393,-90.3518,79.34,75,38,8.5
55,Tuatapere,NZ,2022-02-27 16:40:10,-46.1333,167.6833,43.54,88,25,4.07
56,Longyearbyen,SJ,2022-02-27 16:40:10,78.2186,15.6401,4.84,61,20,4.61
57,Mataura,NZ,2022-02-27 16:37:45,-46.1927,168.8643,38.77,98,35,2.8
58,Esperance,AU,2022-02-27 16:40:10,-33.8667,121.9,66.04,79,44,20.42
59,Yulara,AU,2022-02-27 16:40:11,-25.2406,130.9889,83.08,27,13,10.22
60,Qaanaaq,GL,2022-02-27 16:40:11,77.484,-69.3632,-5.75,54,0,8.75
61,Saint George,US,2022-02-27 16:40:11,37.1041,-113.5841,48.67,40,0,0.0
62,Atar,MR,2022-02-27 16:40:12,20.5169,-13.0499,79.7,18,0,13.89
63,Charlestown,AU,2022-02-27 16:40:12,-32.95,151.6667,70.74,94,100,5.77
64,Noumea,NC,2022-02-27 16:40:12,-22.2763,166.4572,80.64,83,97,15.61
65,Bredasdorp,ZA,2022-02-27 16:40:12,-34.5322,20.0403,73.62,77,0,11.01
66,Abnub,EG,2022-02-27 16:40:13,27.2696,31.1511,63.68,27,0,9.35
67,Chuy,UY,2022-02-27 16:40:13,-33.6971,-53.4616,71.04,98,100,2.84
68,Provideniya,RU,2022-02-27 16:40:13,64.3833,-173.3,29.62,97,100,14.56
69,North Bend,US,2022-02-27 16:40:13,43.4065,-124.2243,50.72,81,100,11.5
70,Ishinomaki,JP,2022-02-27 16:40:14,38.4167,141.3,37.4,66,3,13.04
71,Sinnamary,GF,2022-02-27 16:40:14,5.3833,-52.95,80.17,85,85,12.15
72,Pandamatenga,BW,2022-02-27 16:40:14,-18.5278,25.627,76.46,48,74,5.28
73,Kankon,IN,2022-02-27 16:40:14,15.0167,74.0167,80.4,72,26,6.22
74,Kibala,TD,2022-02-27 16:40:15,9.1104,18.3463,92.52,11,52,3.31
75,Madera,US,2022-02-27 16:39:03,37.1666,-119.8343,56.05,44,93,1.66
76,Kamenka,RU,2022-02-27 16:40:15,51.3223,42.7678,32.22,99,100,6.31
77,Thompson,CA,2022-02-27 16:40:15,55.7435,-97.8558,-5.76,85,6,5.35
78,Kushima,JP,2022-02-27 16:39:15,31.4583,131.2333,44.11,81,0,4.61
79,Cockburn Town,TC,2022-02-27 16:40:16,21.4612,-71.1419,77.2,73,6,12.68
80,Ayan,RU,2022-02-27 16:40:16,56.45,138.1667,-4.61,80,67,10.51
81,Hasaki,JP,2022-02-27 16:39:12,35.7333,140.8333,45.75,45,20,5.53
82,Constitucion,CL,2022-02-27 16:40:16,-35.3333,-72.4167,69.03,55,0,17.94
83,San Ignacio,BZ,2022-02-27 16:40:17,17.1561,-89.0714,85.26,44,5,2.53
84,Vaini,TO,2022-02-27 16:40:17,-21.2,-175.2,75.36,100,100,4.61
85,Eydhafushi,MV,2022-02-27 16:40:17,5.1033,73.0708,82.6,76,85,14.03
86,Coolum Beach,AU,2022-02-27 16:36:09,-26.5333,153.1,70.32,95,44,10.69
87,Manta,EC,2022-02-27 16:39:24,-0.95,-80.7333,75.99,88,100,9.6
88,Bambous Virieux,MU,2022-02-27 16:40:18,-20.3428,57.7575,80.22,89,40,3.44
89,Hami,CN,2022-02-27 16:39:08,42.8,93.45,31.55,29,0,19.69
90,Suhindol,BG,2022-02-27 16:41:18,43.1917,25.1811,36.01,95,100,10.47
91,Cervo,ES,2022-02-27 16:41:18,43.6702,-7.4101,62.19,82,84,3.33
92,Vallenar,CL,2022-02-27 16:41:19,-28.5708,-70.7581,85.03,29,4,7.16
93,San Rafael,AR,2022-02-27 16:41:19,-34.6177,-68.3301,78.55,32,14,10.8
94,Kapaa,US,2022-02-27 16:41:19,22.0752,-159.319,71.58,70,100,5.75
95,Puerto Leguizamo,CO,2022-02-27 16:41:19,-0.1934,-74.7819,70.97,100,100,1.9
96,Nikolskoye,RU,2022-02-27 16:37:42,59.7035,30.7861,20.25,92,7,5.84
97,Palmer,US,2022-02-27 16:41:20,42.1584,-72.3287,34.47,62,14,12.06
98,Lorengau,PG,2022-02-27 16:41:20,-2.0226,147.2712,79.95,75,100,1.36
99,Salalah,OM,2022-02-27 16:40:15,17.0151,54.0924,71.83,80,15,1.3
100,Ilulissat,GL,2022-02-27 16:41:20,69.2167,-51.1,-9.13,92,93,2.86
101,Kollo,NE,2022-02-27 16:41:21,13.3043,2.339,99.03,7,16,6.91
102,Kodiak,US,2022-02-27 16:41:21,57.79,-152.4072,33.31,69,0,6.91
103,Tura,IN,2022-02-27 16:41:21,25.5198,90.2201,64.24,49,1,3.76
104,Poum,NC,2022-02-27 16:41:21,-20.2333,164.0167,81.23,81,100,7.23
105,Arraial Do Cabo,BR,2022-02-27 16:40:35,-22.9661,-42.0278,89.56,65,20,16.11
106,Tutoia,BR,2022-02-27 16:41:22,-2.7619,-42.2744,89.58,69,92,13.29
107,Vestmannaeyjar,IS,2022-02-27 16:37:46,63.4427,-20.2734,36.59,87,75,26.46
108,Atuona,PF,2022-02-27 16:41:22,-9.8,-139.0333,78.46,73,77,17.63
109,Petatlan,MX,2022-02-27 16:41:22,17.5167,-101.2667,87.37,36,5,4.88
110,Lompoc,US,2022-02-27 16:37:33,34.6391,-120.4579,58.41,34,100,4.45
111,Puerto Del Rosario,ES,2022-02-27 16:41:22,28.5004,-13.8627,64.11,67,45,26.71
112,Shingu,JP,2022-02-27 16:41:23,33.7333,135.9833,38.52,78,0,6.62
113,Kasempa,ZM,2022-02-27 16:41:23,-13.4584,25.8338,65.79,93,73,4.81
114,Margate,GB,2022-02-27 16:41:23,51.3813,1.3862,46.62,62,0,17.27
115,Punta Arenas,CL,2022-02-27 16:37:44,-53.15,-70.9167,50.79,49,100,14.9
116,Celestun,MX,2022-02-27 16:41:24,20.8667,-90.4,79.61,60,0,4.29
117,Saldanha,ZA,2022-02-27 16:41:24,-33.0117,17.9442,67.75,90,32,6.89
118,Makakilo City,US,2022-02-27 16:41:24,21.3469,-158.0858,71.85,75,91,3.36
119,Iguguno,TZ,2022-02-27 16:41:24,-4.5697,34.6275,64.33,94,100,4.65
120,Nanortalik,GL,2022-02-27 16:41:25,60.1432,-45.2371,16.63,86,100,22.97
121,Ulladulla,AU,2022-02-27 16:41:25,-35.35,150.4667,64.87,95,29,3.4
122,Sitka,US,2022-02-27 16:41:25,57.0531,-135.33,44.49,70,100,12.66
123,Taber,CA,2022-02-27 16:41:25,49.8167,-112.1518,40.84,60,100,33.38
124,Port Elizabeth,ZA,2022-02-27 16:38:13,-33.918,25.5701,71.85,84,4,20.0
125,Hofn,IS,2022-02-27 16:41:26,64.2539,-15.2082,37.04,65,94,9.42
126,Bathsheba,BB,2022-02-27 16:37:45,13.2167,-59.5167,79.41,89,75,13.8
127,Puerto Escondido,MX,2022-02-27 16:37:00,15.85,-97.0667,85.64,51,0,6.6
128,Honiara,SB,2022-02-27 16:41:26,-9.4333,159.95,76.93,96,100,5.64
129,Sterling,US,2022-02-27 16:41:26,39.0062,-77.4286,47.61,30,40,11.59
130,Chumikan,RU,2022-02-27 16:41:27,54.7183,135.315,-9.45,88,50,10.6
131,Ostrovnoy,RU,2022-02-27 16:41:27,68.0531,39.5131,32.43,89,98,31.41
132,Berdsk,RU,2022-02-27 16:41:27,54.7551,83.0967,20.03,94,100,11.88
133,Kulhudhuffushi,MV,2022-02-27 16:41:28,6.6221,73.07,82.62,71,58,8.03
134,Pisco,PE,2022-02-27 16:41:28,-13.7,-76.2167,78.1,68,30,9.44
135,Hithadhoo,MV,2022-02-27 16:41:28,-0.6,73.0833,83.84,70,47,6.8
136,Williamsburg,US,2022-02-27 16:37:50,37.2707,-76.7075,45.19,58,100,6.93
137,Katobu,ID,2022-02-27 16:41:28,-4.9408,122.5276,75.38,92,88,1.99
138,Morros,BR,2022-02-27 16:42:29,-9.4467,-46.3003,91.02,39,65,4.9
139,Busselton,AU,2022-02-27 16:37:48,-33.65,115.3333,66.02,75,28,15.59
140,Kieta,PG,2022-02-27 16:42:29,-6.2167,155.6333,76.95,90,100,2.95
141,Acapulco,MX,2022-02-27 16:39:16,16.8634,-99.8901,85.82,66,0,5.75
142,Maragogi,BR,2022-02-27 16:42:29,-9.0122,-35.2225,85.23,63,34,11.01
143,Ponta Delgada,PT,2022-02-27 16:42:29,37.7333,-25.6667,63.45,85,95,19.53
144,Panan,PH,2022-02-27 16:42:30,15.2134,120.0272,76.89,76,34,7.65
145,Solnechnyy,RU,2022-02-27 16:42:30,50.7214,136.6319,-2.96,83,72,5.08
146,Ushumun,RU,2022-02-27 16:42:30,52.7833,126.5333,-2.83,88,53,7.2
147,Ancud,CL,2022-02-27 16:42:31,-41.8697,-73.8203,56.55,66,97,13.35
148,Bidhuna,IN,2022-02-27 16:42:31,26.8022,79.5088,64.6,52,0,8.16
149,Laramie,US,2022-02-27 16:42:31,41.3114,-105.5911,24.35,62,1,10.16
150,Abha,SA,2022-02-27 16:42:31,18.2164,42.5053,60.93,70,9,3.09
151,Cherskiy,RU,2022-02-27 16:42:32,68.75,161.3,-2.36,97,100,8.61
152,Chokurdakh,RU,2022-02-27 16:42:32,70.6333,147.9167,-12.26,100,100,5.95
153,Dauphin,CA,2022-02-27 16:39:25,51.1494,-100.0502,8.74,78,100,11.5
154,Cravo Norte,CO,2022-02-27 16:42:32,6.3017,-70.2041,89.62,47,98,12.77
155,Santa Maria,BR,2022-02-27 16:41:31,-29.6842,-53.8069,105.93,22,97,10.25
156,Yugorsk,RU,2022-02-27 16:42:33,61.3133,63.3319,20.35,94,80,5.59
157,Thomaston,US,2022-02-27 16:42:33,32.8882,-84.3266,63.09,74,100,5.75
158,Guerrero Negro,MX,2022-02-27 16:42:33,27.9769,-114.0611,65.79,23,84,1.3
159,Airai,TL,2022-02-27 16:37:46,-8.9266,125.4092,59.85,92,100,3.24
160,Sola,VU,2022-02-27 16:42:33,-13.8833,167.55,80.65,82,100,22.46
161,Norman Wells,CA,2022-02-27 16:42:18,65.282,-126.8329,-7.56,71,0,16.11
162,Handan,CN,2022-02-27 16:42:34,36.6006,114.4678,53.42,34,100,10.92
163,Tiksi,RU,2022-02-27 16:42:34,71.6872,128.8694,-11.56,98,100,3.04
164,Zhigansk,RU,2022-02-27 16:42:34,66.7697,123.3711,-16.02,100,100,7.27
165,Upington,ZA,2022-02-27 16:42:35,-28.4478,21.2561,92.88,12,10,5.59
166,Cedar City,US,2022-02-27 16:42:35,37.6775,-113.0619,33.48,60,19,0.47
167,Vokhma,RU,2022-02-27 16:42:35,58.9303,46.7586,24.76,92,100,3.15
168,Chongoyape,PE,2022-02-27 16:42:35,-6.6406,-79.3892,84.16,60,76,7.56
169,Dikson,RU,2022-02-27 16:37:43,73.5069,80.5464,-6.47,100,100,4.74
170,Saint-Pierre,RE,2022-02-27 16:42:36,-21.3393,55.4781,79.03,79,97,5.75
171,Sao Gabriel,BR,2022-02-27 16:42:36,-30.3364,-54.32,96.49,34,100,8.39
172,Filadelfia,US,2022-02-27 16:37:42,39.9523,-75.1638,44.44,26,27,14.81
173,Jacarau,BR,2022-02-27 16:42:36,-6.6122,-35.2928,91.31,40,84,17.31
174,Arman,RU,2022-02-27 16:42:37,59.7,150.1667,-6.99,85,41,8.68
175,Dunedin,NZ,2022-02-27 16:42:37,-45.8742,170.5036,50.81,70,37,1.01
176,Nuevo Ideal,MX,2022-02-27 16:42:37,24.8875,-105.0728,66.97,19,69,2.98
177,Howard Springs,AU,2022-02-27 16:42:38,-12.497,131.047,76.73,92,92,5.57
178,Diego De Almagro,CL,2022-02-27 16:42:38,-26.3667,-70.05,80.04,25,2,10.27
179,Leningradskiy,RU,2022-02-27 16:42:38,69.3833,178.4167,13.35,97,99,3.18
180,Yoichi,JP,2022-02-27 16:43:38,43.2039,140.7703,33.06,61,100,22.79
181,Souillac,MU,2022-02-27 16:37:45,-20.5167,57.5167,77.68,86,28,6.29
182,Geraldton,AU,2022-02-27 16:43:39,-28.7667,114.6,72.48,88,0,11.07
183,Santa Marta,CO,2022-02-27 16:39:03,11.2408,-74.199,83.48,67,14,13.96
184,Shelopugino,RU,2022-02-27 16:43:39,51.6514,117.5599,-0.18,96,60,4.97
185,Caravelas,BR,2022-02-27 16:43:39,-17.7125,-39.2481,85.23,49,65,8.34
186,Ghugus,IN,2022-02-27 16:43:40,19.9333,79.1333,80.24,26,3,7.07
187,Eugene,US,2022-02-27 16:39:31,44.0521,-123.0867,46.63,95,100,3.38
188,Coahuayana,MX,2022-02-27 16:43:40,18.7333,-103.6833,86.79,42,3,5.88
189,Victoria,HK,2022-02-27 16:38:57,22.2855,114.1577,65.7,84,95,12.77
190,Burnie,AU,2022-02-27 16:43:40,-41.0667,145.9167,61.39,87,100,10.18
191,Faanui,PF,2022-02-27 16:37:48,-16.4833,-151.75,81.75,75,71,19.69
192,Upernavik,GL,2022-02-27 16:43:40,72.7868,-56.1549,-11.42,96,87,1.66
193,Magadan,RU,2022-02-27 16:43:41,59.5667,150.8,-7.47,83,33,7.25
194,Kaitangata,NZ,2022-02-27 16:43:41,-46.2817,169.8464,42.28,92,61,3.38
195,Lyndon,US,2022-02-27 16:43:41,38.2567,-85.6016,43.9,34,6,4.52
196,Port Hedland,AU,2022-02-27 16:43:42,-20.3167,118.5667,86.05,84,84,10.36
197,Gao,ML,2022-02-27 16:41:56,16.6362,1.637,93.24,3,10,15.01
198,Shimoda,JP,2022-02-27 16:43:42,34.6667,138.95,44.44,67,0,11.77
199,Cairns,AU,2022-02-27 16:43:42,-16.9167,145.7667,80.55,83,40,1.14
200,Jiwani,PK,2022-02-27 16:43:42,25.05,61.7417,73.2,79,2,8.99
201,Jodhpur,IN,2022-02-27 16:43:43,26.2867,73.03,69.8,28,0,14.61
202,Port-Gentil,GA,2022-02-27 16:43:43,-0.7193,8.7815,83.32,74,72,8.77
203,Kahului,US,2022-02-27 16:43:43,20.8947,-156.47,72.43,75,64,4.25
204,Barrow,US,2022-02-27 16:43:44,71.2906,-156.7887,-0.38,78,0,13.8
205,Teya,RU,2022-02-27 16:43:44,60.3778,92.6267,21.61,92,100,11.61
206,Morant Bay,JM,2022-02-27 16:43:44,17.8815,-76.4093,83.82,64,6,7.38
207,Dicabisagan,PH,2022-02-27 16:43:44,17.0818,122.4157,75.15,88,88,8.08
208,Cao Bang,VN,2022-02-27 16:40:46,22.6667,106.25,57.78,96,5,1.83
209,Sao Filipe,CV,2022-02-27 16:43:45,14.8961,-24.4956,70.45,65,0,16.15
210,Riyadh,SA,2022-02-27 16:43:45,24.6877,46.7219,69.03,22,0,10.09
211,Lagos,NG,2022-02-27 16:41:58,6.5833,3.75,80.92,68,42,7.36
212,Rawson,AR,2022-02-27 16:43:45,-43.3002,-65.1023,68.49,27,81,41.92
213,Chabahar,IR,2022-02-27 16:39:41,25.2919,60.643,73.04,83,16,9.57
214,Ribeira Grande,PT,2022-02-27 16:43:46,38.5167,-28.7,63.0,88,75,23.02
215,Alihe,CN,2022-02-27 16:43:46,50.5667,123.7167,0.07,98,18,3.0
216,Bairiki,KI,2022-02-27 16:43:46,1.3292,172.9752,80.78,83,71,21.25
217,Avarua,CK,2022-02-27 16:43:46,-21.2078,-159.775,77.05,94,100,5.75
218,Brae,GB,2022-02-27 16:43:47,60.3964,-1.353,44.51,81,98,26.8
219,Ippy,CF,2022-02-27 16:43:47,6.2679,21.2247,90.23,12,17,3.31
220,Santa Rosalia,MX,2022-02-27 16:43:47,27.3167,-112.2833,64.51,27,59,8.12
221,San Patricio,US,2022-02-27 16:43:47,28.017,-97.5169,43.95,75,100,12.37
222,Port Augusta,AU,2022-02-27 16:43:48,-32.5,137.7667,68.2,74,44,10.36
223,Ukmerge,LT,2022-02-27 16:43:48,55.25,24.75,29.43,60,0,6.15
224,Valkeakoski,FI,2022-02-27 16:44:48,61.2642,24.0312,29.32,91,63,8.9
225,Hovd,MN,2022-02-27 16:44:48,48.0056,91.6419,4.12,61,0,8.66
226,Linhares,BR,2022-02-27 16:44:49,-19.3911,-40.0722,84.69,63,50,6.04
227,Tabou,CI,2022-02-27 16:44:49,4.423,-7.3528,83.03,72,71,10.07
228,Hare Bay,CA,2022-02-27 16:44:49,48.8499,-54.0148,24.19,49,100,12.73
229,Dzilam Gonzalez,MX,2022-02-27 16:44:50,21.2833,-88.9333,85.6,42,0,4.85
230,Timbiqui,CO,2022-02-27 16:44:50,2.7717,-77.6654,74.98,95,100,4.52
231,Gigmoto,PH,2022-02-27 16:44:50,13.7796,124.39,78.24,83,76,16.35
232,Mount Gambier,AU,2022-02-27 16:44:50,-37.8333,140.7667,59.25,97,17,4.83
233,Richards Bay,ZA,2022-02-27 16:44:51,-28.783,32.0377,71.55,88,53,4.23
234,Severnyy,RU,2022-02-27 16:44:51,50.677,36.5532,29.28,79,91,13.44
235,Beringovskiy,RU,2022-02-27 16:44:51,63.05,179.3167,16.79,95,99,5.21
236,Westport,US,2022-02-27 16:44:52,41.1415,-73.3579,40.82,36,0,16.04
237,Padang,ID,2022-02-27 16:44:52,-0.9492,100.3543,78.39,86,100,5.01
238,Peace River,CA,2022-02-27 16:44:22,56.2501,-117.286,11.66,90,100,14.97
239,Vila Franca Do Campo,PT,2022-02-27 16:44:52,37.7167,-25.4333,63.52,83,98,17.4
240,Redmond,US,2022-02-27 16:44:22,47.674,-122.1215,47.16,92,100,10.92
241,Los Llanos De Aridane,ES,2022-02-27 16:44:52,28.6585,-17.9182,63.12,68,40,19.57
242,Japura,ID,2022-02-27 16:44:53,-0.3167,102.35,73.83,97,96,2.15
243,Arrecife,ES,2022-02-27 16:44:53,28.963,-13.5477,63.82,69,18,28.9
244,Manono,CD,2022-02-27 16:44:53,-7.3,27.4167,71.78,89,98,3.47
245,Kirakira,SB,2022-02-27 16:44:54,-10.4544,161.9205,79.47,87,100,12.62
246,Mildura,AU,2022-02-27 16:44:12,-34.2,142.15,73.06,55,100,13.27
247,Yar-Sale,RU,2022-02-27 16:44:54,66.8333,70.8333,-0.8,87,6,10.8
248,Haines Junction,CA,2022-02-27 16:44:54,60.7522,-137.5108,20.53,97,100,0.38
249,Olga,RU,2022-02-27 16:44:54,43.7444,135.2892,25.61,59,24,10.74
250,Manokwari,ID,2022-02-27 16:44:55,-0.8667,134.0833,77.2,82,100,3.2
251,Lerwick,GB,2022-02-27 16:44:55,60.1545,-1.1494,43.16,82,99,30.04
252,Atotonilco El Alto,MX,2022-02-27 16:44:55,20.55,-102.5167,79.79,27,4,2.95
253,Half Moon Bay,US,2022-02-27 16:44:56,37.4636,-122.4286,54.36,50,19,5.08
254,Guarizama,HN,2022-02-27 16:44:56,14.9167,-86.3333,84.42,37,15,4.41
255,Mabaruma,GY,2022-02-27 16:44:56,8.2,-59.7833,80.08,84,64,6.04
256,Pevek,RU,2022-02-27 16:44:56,69.7008,170.3133,-12.03,100,100,2.21
257,Odienne,CI,2022-02-27 16:44:57,9.51,-7.5692,90.54,31,89,1.95
258,Nicoya,CR,2022-02-27 16:44:57,10.1483,-85.452,92.5,29,3,13.94
259,San Vicente,AR,2022-02-27 16:44:57,-26.6167,-54.1333,97.11,29,6,6.17
260,Prince Rupert,CA,2022-02-27 16:44:57,54.3161,-130.3201,39.97,94,100,8.34
261,Asau,RO,2022-02-27 16:44:58,46.4333,26.4,33.42,76,100,6.06
262,Varginha,BR,2022-02-27 16:44:58,-21.5514,-45.4303,80.1,65,37,1.74
263,Champerico,GT,2022-02-27 16:44:58,14.3,-91.9167,84.38,60,2,7.96
264,Peniche,PT,2022-02-27 16:44:58,39.3558,-9.3811,56.77,74,7,10.04
265,Novobelokatay,RU,2022-02-27 16:44:59,55.7062,58.9549,32.13,99,100,1.79
266,Iskateley,RU,2022-02-27 16:44:59,67.6803,53.1512,21.85,92,100,28.45
267,Itarema,BR,2022-02-27 16:44:59,-2.9248,-39.9167,87.85,57,55,17.13
268,Mathbaria,BD,2022-02-27 16:45:00,22.2876,89.9593,71.55,57,0,5.48
269,Dingle,PH,2022-02-27 16:45:00,10.9995,122.6711,76.3,85,57,11.63
270,Mandalgovi,MN,2022-02-27 16:46:00,45.7625,106.2708,14.41,82,100,22.5
271,Santiago De Chuco,PE,2022-02-27 16:46:00,-8.15,-78.1833,62.22,56,71,4.07
272,Aden,YE,2022-02-27 16:46:01,12.7794,45.0367,78.62,75,7,9.53
273,La Seyne-Sur-Mer,FR,2022-02-27 16:46:01,43.0982,5.8847,53.56,58,31,1.99
274,Zabol,AF,2022-02-27 16:46:01,32.25,67.25,51.39,31,100,5.08
275,Tupik,RU,2022-02-27 16:46:01,54.4253,119.9327,-12.06,96,58,1.79
276,Ondjiva,AO,2022-02-27 16:46:02,-17.0667,15.7333,79.74,46,80,4.52
277,Shinpokh,PK,2022-02-27 16:46:03,34.3292,71.1782,58.1,35,10,2.84
278,Tres Arroyos,AR,2022-02-27 16:42:01,-38.3739,-60.2798,83.3,20,88,13.11
279,Quatre Cocos,MU,2022-02-27 16:46:03,-20.2078,57.7625,79.25,82,19,6.33
280,Fuxin,CN,2022-02-27 16:46:03,42.0156,121.6589,30.87,42,55,2.04
281,Torbay,CA,2022-02-27 16:45:18,47.6666,-52.7314,29.88,67,75,16.11
282,Pimentel,PE,2022-02-27 16:46:04,-6.8367,-79.9342,77.29,69,0,5.75
283,Port Lincoln,AU,2022-02-27 16:45:18,-34.7333,135.8667,63.54,92,98,9.82
284,Teguldet,RU,2022-02-27 16:46:04,57.3064,88.1667,22.57,87,100,14.61
285,Umm Kaddadah,SD,2022-02-27 16:46:04,13.6017,26.6876,75.49,12,63,12.06
286,Iralaya,HN,2022-02-27 16:46:05,15.0,-83.2333,79.14,72,48,5.84
287,Tazovskiy,RU,2022-02-27 16:46:05,67.4667,78.7,8.1,89,100,23.8
288,Disna,BY,2022-02-27 16:46:05,55.568,28.1971,26.8,86,97,4.97
289,Gimli,CA,2022-02-27 16:46:05,50.6336,-96.9907,6.22,83,100,7.96
290,Taoudenni,ML,2022-02-27 16:46:06,22.6783,-3.9836,92.03,7,100,6.69
291,Lyantonde,UG,2022-02-27 16:46:06,-0.4031,31.1572,70.3,68,70,6.8
292,Buin,CL,2022-02-27 16:46:07,-33.7333,-70.75,79.05,25,0,3.91
293,Nizhnyaya Omka,RU,2022-02-27 16:46:07,55.4338,74.9426,11.62,92,50,9.44
294,Bengkulu,ID,2022-02-27 16:46:07,-3.8004,102.2655,76.39,83,89,3.74
295,Nijar,ES,2022-02-27 16:46:07,36.9665,-2.206,52.77,64,99,9.89
296,Garowe,SO,2022-02-27 16:46:08,8.4054,48.4845,75.02,70,7,22.01
297,Tan An,VN,2022-02-27 16:46:08,10.5333,106.4167,79.23,69,35,10.51
298,Ojinaga,MX,2022-02-27 16:46:09,29.5667,-104.4167,54.63,30,6,6.38
299,At-Bashi,KG,2022-02-27 16:46:09,41.1702,75.8106,11.98,66,13,3.47
300,Kamenskiy,RU,2022-02-27 16:46:09,50.8855,45.488,31.71,99,100,9.01
301,Avera,US,2022-02-27 16:46:09,33.194,-82.5271,55.15,89,100,3.67
302,Mahajanga,MG,2022-02-27 16:46:10,-15.7167,46.3167,78.1,83,100,3.36
303,Zapolyarnyy,RU,2022-02-27 16:46:10,69.4154,30.8136,34.72,89,100,28.61
304,Lebu,CL,2022-02-27 16:37:47,-37.6167,-73.65,63.48,63,7,9.98
305,El Alto,PE,2022-02-27 16:46:10,-4.2714,-81.2147,76.8,64,95,7.45
306,Port Jervis,US,2022-02-27 16:46:11,41.3751,-74.6927,39.61,49,0,15.23
307,Ornskoldsvik,SE,2022-02-27 16:46:11,63.2909,18.7153,31.35,98,89,4.59
308,Valcourt,CA,2022-02-27 16:46:11,45.5001,-72.3158,29.21,92,100,13.15
309,Cidreira,BR,2022-02-27 16:46:11,-30.1811,-50.2056,82.04,74,76,16.98
310,Talnakh,RU,2022-02-27 16:46:12,69.4865,88.3972,9.84,95,100,7.49
311,Husavik,IS,2022-02-27 16:46:12,66.0449,-17.3389,31.91,72,63,6.89
312,Touros,BR,2022-02-27 16:46:12,-5.1989,-35.4608,87.21,53,41,15.73
313,Nevsehir,TR,2022-02-27 16:46:13,38.9167,34.6667,42.6,68,81,1.86
314,Pemba,MZ,2022-02-27 16:46:13,-12.974,40.5178,80.46,80,94,6.29
315,Tucuman,AR,2022-02-27 16:46:13,-26.8241,-65.2226,99.45,36,12,7.25
316,Mehamn,NO,2022-02-27 16:46:14,71.0357,27.8492,38.44,93,100,29.37
317,Dembi Dolo,ET,2022-02-27 16:47:14,8.5333,34.8,74.37,34,73,2.55
318,La Romana,DO,2022-02-27 16:47:14,18.4273,-68.9728,85.46,50,9,8.95
319,Nkongsamba,CM,2022-02-27 16:47:15,4.9547,9.9404,83.61,42,49,6.24
320,Santa Cruz,BO,2022-02-27 16:44:43,-17.8,-63.1667,92.43,43,76,16.51
321,Wajid,SO,2022-02-27 16:47:15,3.8093,43.2471,91.81,22,13,16.87
322,Synya,RU,2022-02-27 16:47:15,65.3718,58.0387,9.48,93,53,11.63
323,Qaqortoq,GL,2022-02-27 16:47:16,60.7167,-46.0333,9.63,86,100,3.65
324,Berdigestyakh,RU,2022-02-27 16:47:16,62.0989,126.6992,-20.97,100,100,2.66
325,Xichang,CN,2022-02-27 16:47:16,27.8964,102.2634,48.56,53,0,2.71
326,Nivala,FI,2022-02-27 16:47:17,63.9167,24.9667,33.75,88,100,10.54
327,Road Town,VG,2022-02-27 16:47:17,18.4167,-64.6167,77.65,75,5,14.58
328,Malanje,AO,2022-02-27 16:47:17,-9.5402,16.341,68.14,91,90,4.74
329,Olafsvik,IS,2022-02-27 16:47:18,64.8945,-23.7142,34.09,81,100,14.2
330,Port Charlotte,US,2022-02-27 16:47:18,26.9762,-82.0906,81.45,50,0,8.5
331,Itaituba,BR,2022-02-27 16:47:18,-4.2761,-55.9836,89.19,59,72,4.85
332,Ambilobe,MG,2022-02-27 16:47:19,-13.2,49.05,76.3,93,100,1.83
333,Ucluelet,CA,2022-02-27 16:45:17,48.9329,-125.5528,44.46,91,100,3.62
334,Gat,IL,2022-02-27 16:47:19,31.61,34.7642,54.36,84,15,6.17
335,Moratuwa,LK,2022-02-27 16:47:19,6.773,79.8816,78.89,79,26,8.84
336,Goderich,CA,2022-02-27 16:45:18,43.7501,-81.7165,31.91,74,99,19.57
337,Saint-Philippe,RE,2022-02-27 16:47:20,-21.3585,55.7679,78.35,81,93,6.55
338,Isiolo,KE,2022-02-27 16:47:20,0.3546,37.5822,77.2,38,27,7.18
339,Neosho,US,2022-02-27 16:47:20,36.869,-94.368,42.49,30,1,5.59
340,Narasannapeta,IN,2022-02-27 16:47:20,18.4167,84.05,71.96,62,7,3.42
341,Mier,MX,2022-02-27 16:47:21,26.4333,-99.15,48.88,75,100,16.35
342,Khatanga,RU,2022-02-27 16:47:21,71.9667,102.5,-18.18,100,46,3.67
343,Rio Gallegos,AR,2022-02-27 16:43:54,-51.6226,-69.2181,52.99,43,100,12.21
344,Iqaluit,CA,2022-02-27 16:47:22,63.7506,-68.5145,-12.77,83,100,9.08
345,Fez,MA,2022-02-27 16:47:22,34.0372,-4.9998,63.61,65,98,8.28
346,Alofi,NU,2022-02-27 16:47:22,-19.0595,-169.9187,75.09,100,99,1.14
347,Amahai,ID,2022-02-27 16:47:23,-3.3333,128.9167,78.58,82,87,3.89
348,Atascadero,US,2022-02-27 16:47:23,35.4894,-120.6707,55.2,32,100,8.84
349,Turayf,SA,2022-02-27 16:47:23,31.6725,38.6637,56.66,41,21,3.04
350,Namatanai,PG,2022-02-27 16:47:23,-3.6667,152.4333,78.66,86,100,8.03
351,Falam,MM,2022-02-27 16:47:24,22.9167,93.6833,51.87,46,0,3.6
352,Port Hardy,CA,2022-02-27 16:47:24,50.6996,-127.4199,41.27,93,100,9.55
353,Ariquemes,BR,2022-02-27 16:47:24,-9.9133,-63.0408,89.53,58,100,0.98
354,Jati,PK,2022-02-27 16:47:25,24.3539,68.2671,77.07,22,0,10.27
355,Pringsewu,ID,2022-02-27 16:47:25,-5.3582,104.9744,72.36,89,34,3.33
356,Arraias,BR,2022-02-27 16:47:25,-12.9288,-46.9437,85.39,52,32,3.29
357,Kombai,IN,2022-02-27 16:47:25,9.8333,77.3167,71.56,76,71,3.44
358,Ziyang,CN,2022-02-27 16:47:26,29.2497,117.8547,52.03,88,23,2.89
359,Saint-Paul,RE,2022-02-27 16:47:26,-21.0096,55.2707,78.89,83,97,2.24
360,Uyuni,BO,2022-02-27 16:47:26,-20.4597,-66.825,66.69,28,51,2.33
361,Hamilton,US,2022-02-27 16:42:55,39.1834,-84.5333,43.0,33,1,6.91
362,Lazaro Cardenas,MX,2022-02-27 16:47:27,17.9583,-102.2,83.21,54,14,4.21
363,Whitehorse,CA,2022-02-27 16:48:18,60.7161,-135.0538,14.9,95,100,5.68
364,Obidos,BR,2022-02-27 16:48:27,-1.9175,-55.5181,89.87,52,87,5.57
365,Nyuksenitsa,RU,2022-02-27 16:48:27,60.4128,44.2397,12.92,98,77,2.77
366,Klaksvik,FO,2022-02-27 16:48:28,62.2266,-6.589,42.98,75,97,23.96
367,Kutum,SD,2022-02-27 16:48:28,14.2,24.6667,75.29,13,17,9.71
368,Coron,PH,2022-02-27 16:48:28,11.9986,120.2043,78.37,77,0,10.22
369,Kruisfontein,ZA,2022-02-27 16:48:28,-34.0033,24.7314,70.66,80,9,18.68
370,Trelleborg,SE,2022-02-27 16:48:29,55.3751,13.1569,37.94,77,2,9.33
371,Saskylakh,RU,2022-02-27 16:48:29,71.9167,114.0833,-17.34,98,77,6.13
372,Thomasville,US,2022-02-27 16:48:29,35.8826,-80.082,43.41,90,100,1.3
373,Carbondale,US,2022-02-27 16:44:47,37.7273,-89.2168,39.16,82,0,4.61
374,Razole,IN,2022-02-27 16:48:29,16.4833,81.8333,68.27,72,4,3.74
375,Bowen,AU,2022-02-27 16:48:30,-20.0167,148.2333,77.22,79,59,2.71
376,Ust-Maya,RU,2022-02-27 16:48:30,60.4167,134.5333,-8.91,99,100,3.47
377,Birin,NP,2022-02-27 16:48:30,26.8865,88.0718,50.25,57,6,5.61
378,Aldan,RU,2022-02-27 16:48:31,58.6031,125.3894,-5.85,98,100,5.28
379,Okhotsk,RU,2022-02-27 16:48:31,59.3833,143.3,3.07,93,97,6.58
380,Oksfjord,NO,2022-02-27 16:48:31,70.2396,22.3479,43.72,73,100,20.27
381,Wajima,JP,2022-02-27 16:48:32,37.4,136.9,44.65,60,99,21.94
382,Coihaique,CL,2022-02-27 16:48:32,-45.5752,-72.0662,49.84,73,40,13.85
383,Baghdad,IQ,2022-02-27 16:47:32,33.3406,44.4009,66.11,39,0,8.05
384,San Rafael Del Sur,NI,2022-02-27 16:48:32,11.8485,-86.4384,88.43,41,12,13.2
385,Bud,US,2022-02-27 16:48:33,39.447,-86.1758,41.54,41,2,10.31
386,The Pas,CA,2022-02-27 16:48:33,53.8251,-101.2541,-2.36,83,79,3.22
387,College,US,2022-02-27 16:48:34,64.8569,-147.8028,14.85,97,100,2.51
388,Kisangani,CD,2022-02-27 16:48:34,0.5167,25.2,80.28,66,92,4.65
389,Grants Pass,US,2022-02-27 16:47:09,42.439,-123.3284,44.37,97,100,2.68
390,Huarmey,PE,2022-02-27 16:48:34,-10.0681,-78.1522,77.4,74,59,11.59
391,Vanimo,PG,2022-02-27 16:48:35,-2.6741,141.3028,76.73,89,100,2.62
392,Grindavik,IS,2022-02-27 16:48:35,63.8424,-22.4338,35.55,93,100,17.27
393,Bajil,YE,2022-02-27 16:48:35,15.0584,43.2851,79.68,69,85,9.98
394,Batsfjord,NO,2022-02-27 16:48:35,70.6345,29.7185,39.42,75,75,34.52
395,Faya,SA,2022-02-27 16:48:36,18.3851,42.4509,61.25,67,28,4.32
396,Inhambane,MZ,2022-02-27 16:48:36,-23.865,35.3833,75.18,74,9,9.24
397,Pullman,US,2022-02-27 16:48:36,46.7313,-117.1796,28.58,89,100,13.53
398,Kaduna,NG,2022-02-27 16:48:36,10.5222,7.4383,92.05,10,5,4.74
399,Mana,GF,2022-02-27 16:48:37,5.6592,-53.7767,82.18,73,60,11.36
400,Turiacu,BR,2022-02-27 16:48:37,-1.6633,-45.3717,84.31,74,90,6.13
401,Sabya,SA,2022-02-27 16:48:37,17.1495,42.6254,78.96,70,26,7.72
402,Wembley,AU,2022-02-27 16:48:38,-31.9333,115.8,74.25,57,0,14.25
403,Progreso,MX,2022-02-27 16:48:38,21.2833,-89.6667,83.1,59,0,7.02
404,Skjervoy,NO,2022-02-27 16:48:38,70.0311,20.9714,42.1,75,96,46.75
405,Hokitika,NZ,2022-02-27 16:48:38,-42.7167,170.9667,55.42,71,76,5.06
406,Houma,US,2022-02-27 16:47:51,29.5958,-90.7195,55.99,95,100,10.45
407,Rio Grande,BR,2022-02-27 16:48:39,-32.035,-52.0986,83.53,68,100,5.73
408,Starobaltachevo,RU,2022-02-27 16:48:39,56.0013,55.9213,30.69,99,100,1.7
409,Oktyabrskoye,RU,2022-02-27 16:49:39,43.0645,44.7417,41.32,91,100,2.46
410,Deniliquin,AU,2022-02-27 16:49:40,-35.5333,144.9667,67.96,68,88,7.07
411,Muzhi,RU,2022-02-27 16:49:40,65.3667,64.6667,4.19,80,26,7.14
412,Gasa,PS,2022-02-27 16:44:54,31.5,34.4667,57.07,78,9,8.14
413,Uyemskiy,RU,2022-02-27 16:49:40,64.4743,40.8524,23.7,79,86,10.94
414,Upata,VE,2022-02-27 16:49:41,8.0086,-62.3989,84.79,50,97,7.05
415,Oistins,BB,2022-02-27 16:45:47,13.0667,-59.5333,78.82,77,99,15.21
416,Tasiilaq,GL,2022-02-27 16:49:41,65.6145,-37.6368,21.65,76,97,26.51
417,Porto De Moz,BR,2022-02-27 16:49:41,-1.7483,-52.2383,85.51,69,78,4.83
418,Malinyi,TZ,2022-02-27 16:49:42,-8.9333,36.1333,75.52,89,100,2.59
419,Moerai,PF,2022-02-27 16:49:42,-22.4333,-151.3333,80.08,75,45,9.08
420,Kavieng,PG,2022-02-27 16:49:42,-2.5744,150.7967,79.95,79,100,4.56
421,Turukhansk,RU,2022-02-27 16:49:42,65.8167,87.9833,20.86,96,100,8.39
422,Boyuibe,BO,2022-02-27 16:49:43,-20.4167,-63.2833,94.66,35,21,15.01
423,Hareid,NO,2022-02-27 16:49:43,62.3714,6.0263,39.94,66,36,11.3
424,Fairbanks,US,2022-02-27 16:45:18,64.8378,-147.7164,15.22,97,100,2.46
425,Moche,PE,2022-02-27 16:49:43,-8.1711,-79.0092,74.61,79,76,8.23
426,Sergeyevka,KZ,2022-02-27 16:49:44,53.88,67.4158,4.98,98,38,5.59
427,La Cruz,MX,2022-02-27 16:49:44,23.9167,-106.9,75.9,32,49,6.4
428,Nador,MA,2022-02-27 16:49:44,35.174,-2.9287,56.71,88,100,14.29
429,Isabela,PH,2022-02-27 16:49:44,6.7085,121.9711,78.49,84,100,6.22
430,Pingliang,CN,2022-02-27 16:49:45,35.5392,106.6861,35.47,38,36,11.77
431,Ozark,US,2022-02-27 16:48:52,37.0209,-93.206,43.75,50,3,4.0
432,Boda,CF,2022-02-27 16:49:45,4.3189,17.4695,90.93,24,80,1.23
433,Laredo,US,2022-02-27 16:48:34,27.5064,-99.5075,48.2,93,100,8.05
434,Imperia,IT,2022-02-27 16:49:45,43.9667,7.7833,49.96,22,35,3.44
435,Fuzhou,CN,2022-02-27 16:49:03,26.0614,119.3061,51.53,88,29,3.11
436,Sarahan,IN,2022-02-27 16:49:46,31.5167,77.8,32.58,49,12,10.47
437,Ler,SS,2022-02-27 16:49:46,8.3018,30.1418,91.18,15,30,5.21
438,Amazar,RU,2022-02-27 16:49:47,53.858,120.875,-6.92,98,27,3.49
439,Kemin,KG,2022-02-27 16:49:47,42.7846,75.6892,37.11,65,0,6.31
440,Luderitz,NA,2022-02-27 16:49:47,-26.6481,15.1594,68.38,80,3,11.56
441,Red Deer,CA,2022-02-27 16:49:47,52.2668,-113.802,26.85,85,40,0.0
442,Muisne,EC,2022-02-27 16:49:48,0.6,-80.0333,71.8,96,100,3.65
443,Boulder City,US,2022-02-27 16:49:48,35.9786,-114.8325,51.78,15,0,8.05
444,Teruel,ES,2022-02-27 16:49:48,40.6667,-0.6667,42.13,75,100,4.94
445,Gwadar,PK,2022-02-27 16:49:19,25.1216,62.3254,73.08,80,1,10.42
446,Aklavik,CA,2022-02-27 16:49:49,68.2191,-135.0107,-20.79,98,18,8.97
447,Anadyr,RU,2022-02-27 16:49:49,64.75,177.4833,28.04,97,100,10.36
448,Havelock,US,2022-02-27 16:48:16,34.8791,-76.9013,47.05,78,100,1.01
449,Metkovic,HR,2022-02-27 16:49:49,43.0542,17.6483,45.97,55,97,17.69
450,Isangel,VU,2022-02-27 16:49:50,-19.55,169.2667,77.31,93,100,13.27
451,Mercedes,AR,2022-02-27 16:49:50,-34.6515,-59.4307,79.29,81,61,10.09
452,Mangaratiba,BR,2022-02-27 16:46:23,-22.9597,-44.0406,80.31,77,13,5.12
453,Walvis Bay,NA,2022-02-27 16:49:51,-22.9575,14.5053,74.35,60,0,16.11
454,Yaan,NG,2022-02-27 16:49:52,7.3833,8.5667,98.87,8,29,5.12
455,Awbari,LY,2022-02-27 16:49:52,26.5921,12.7805,74.35,14,86,8.77
456,Chapada Dos Guimaraes,BR,2022-02-27 16:49:52,-15.4606,-55.7497,83.82,55,23,3.76
457,Assiniboia,CA,2022-02-27 16:49:52,49.6334,-105.9845,28.31,68,51,12.66
458,Namibe,AO,2022-02-27 16:50:53,-15.1961,12.1522,75.88,78,34,7.47
459,Mareeba,AU,2022-02-27 16:50:53,-17.0,145.4333,77.72,87,31,3.38
460,Sechura,PE,2022-02-27 16:50:53,-5.5569,-80.8222,80.67,55,98,2.37
461,Naryan-Mar,RU,2022-02-27 16:50:53,67.6713,53.087,21.97,92,100,28.59
462,Coquimbo,CL,2022-02-27 16:50:54,-29.9533,-71.3436,69.53,64,0,11.5
463,Normandin,CA,2022-02-27 16:50:54,48.8333,-72.5321,16.38,65,100,11.25
464,Mazyr,BY,2022-02-27 16:50:54,52.0495,29.2456,28.92,83,83,11.32
465,Olkhovka,RU,2022-02-27 16:50:55,53.2115,60.6069,12.43,93,93,3.71
466,Kouroussa,GN,2022-02-27 16:50:55,10.65,-9.8833,101.07,12,12,2.08
467,Sao Joao Da Barra,BR,2022-02-27 16:50:55,-21.6403,-41.0511,79.65,77,6,10.02
468,Vanderhoof,CA,2022-02-27 16:50:56,54.0166,-124.0198,28.62,94,100,2.86
469,Qeshm,IR,2022-02-27 16:50:56,26.9581,56.2719,73.83,66,0,10.25
470,Sahibganj,IN,2022-02-27 16:50:56,25.25,87.65,72.52,38,1,3.2
471,Washington,US,2022-02-27 16:50:26,47.5001,-120.5015,34.29,88,100,3.13
472,Sioux Lookout,CA,2022-02-27 16:50:57,50.1001,-91.917,2.43,78,89,4.38
473,Hangzhou,CN,2022-02-27 16:50:57,30.2937,120.1614,46.31,88,17,2.3
474,Zabaykalsk,RU,2022-02-27 16:50:57,49.6333,117.3167,8.55,89,17,14.25
475,Dabakala,CI,2022-02-27 16:50:58,8.3667,-4.4333,89.37,42,88,8.1
476,El Limon,VE,2022-02-27 16:50:58,10.3059,-67.6321,79.48,65,58,1.95
477,Magistralnyy,RU,2022-02-27 16:50:59,56.1725,107.4458,10.76,92,97,5.06
478,Kenai,US,2022-02-27 16:50:59,60.5544,-151.2583,31.1,93,100,0.94
479,Adrar,MR,2022-02-27 16:51:00,20.5022,-10.0711,81.18,26,62,4.81
480,Altamira,BR,2022-02-27 16:51:00,-3.2033,-52.2064,85.78,66,81,5.48
481,Palauig,PH,2022-02-27 16:51:00,15.435,119.9045,78.03,73,24,4.56
482,Lata,PT,2022-02-27 16:51:00,40.1629,-8.3327,65.71,57,21,8.55
483,Kushiro,JP,2022-02-27 16:51:01,42.975,144.3747,26.53,75,95,10.76
484,Bubaque,GW,2022-02-27 16:51:01,11.2833,-15.8333,76.69,69,2,17.52
485,Carbonia,IT,2022-02-27 16:51:01,39.1672,8.5222,54.55,55,100,7.7
486,Labuhan,ID,2022-02-27 16:51:02,-6.8844,112.2051,78.37,86,94,8.93
487,Wageningen,NL,2022-02-27 16:51:02,51.9667,5.6667,42.26,59,0,8.57
488,Sebinkarahisar,TR,2022-02-27 16:51:02,40.2883,38.4236,30.63,84,47,4.94
489,Amambai,BR,2022-02-27 16:51:02,-23.1042,-55.2258,98.49,29,25,11.79
490,Port Blair,IN,2022-02-27 16:51:03,11.6667,92.75,81.46,68,26,11.59
491,Kapit,MY,2022-02-27 16:51:03,2.0167,112.9333,74.44,93,100,1.07
492,Baiyin,CN,2022-02-27 16:51:03,36.5583,104.2081,30.11,35,68,5.06
493,Jalu,LY,2022-02-27 16:51:04,29.0331,21.5482,69.15,25,0,6.55
494,Siavonga,ZM,2022-02-27 16:51:04,-16.5382,28.7088,78.91,71,24,7.87
495,Haapiti,PF,2022-02-27 16:51:04,-17.5667,-149.8667,81.3,74,94,17.49
496,Oussouye,SN,2022-02-27 16:51:04,12.485,-16.5469,87.03,33,1,16.26
497,Klamath Falls,US,2022-02-27 16:51:05,42.2249,-121.7817,35.85,74,75,3.85
498,Kemi,FI,2022-02-27 16:51:05,65.8596,24.8228,29.97,93,75,17.27
499,Niksar,TR,2022-02-27 16:51:05,40.5917,36.9517,46.8,81,39,4.47
500,Carson City,US,2022-02-27 16:48:36,39.1638,-119.7674,41.97,52,33,2.37
501,Narsaq,GL,2022-02-27 16:51:06,60.9167,-46.05,8.71,85,100,2.21
502,Santa Luzia,BR,2022-02-27 16:51:06,-19.7697,-43.8514,82.87,55,41,5.01
503,Yarada,IN,2022-02-27 16:51:06,17.65,83.2667,71.92,83,20,2.3
504,Mattru,SL,2022-02-27 16:52:06,7.6244,-11.8332,84.72,57,87,6.85
505,Red Bluff,US,2022-02-27 16:50:17,40.1785,-122.2358,50.2,54,18,5.03
506,Paredon,MX,2022-02-27 16:52:07,16.0333,-93.8667,89.11,42,2,10.85
507,Panalingaan,PH,2022-02-27 16:52:07,8.7842,117.4231,77.77,84,3,2.77
508,Mackay,AU,2022-02-27 16:52:07,-21.15,149.2,77.49,86,52,6.2
509,Maroantsetra,MG,2022-02-27 16:50:57,-15.4333,49.7333,75.51,93,100,7.18
510,Hailar,CN,2022-02-27 16:52:08,49.2,119.7,3.22,95,18,8.39
511,Bradley,US,2022-02-27 16:52:08,35.1501,-84.8666,40.14,97,100,3.78
512,Barguzin,RU,2022-02-27 16:52:08,53.6167,109.6167,14.61,93,97,6.82
513,Trairi,BR,2022-02-27 16:52:08,-3.2778,-39.2689,87.17,59,83,13.91
514,Santa Vitoria Do Palmar,BR,2022-02-27 16:48:48,-33.5189,-53.3681,71.04,96,100,0.67
515,Makat,KZ,2022-02-27 16:52:09,47.6469,53.3463,39.78,78,100,11.7
516,Alenquer,BR,2022-02-27 16:52:09,-1.9417,-54.7383,90.27,50,77,5.53
517,Yumen,CN,2022-02-27 16:52:09,40.2833,97.2,25.36,43,95,14.14
518,Camaqua,BR,2022-02-27 16:52:09,-30.8511,-51.8122,98.73,33,96,4.36
519,Pafos,CY,2022-02-27 16:52:10,34.7667,32.4167,56.44,65,55,5.1
520,Salou,ES,2022-02-27 16:52:11,41.0766,1.1416,54.59,52,68,4.34
521,Meulaboh,ID,2022-02-27 16:52:11,4.1363,96.1285,77.11,86,100,3.36
522,Berlevag,NO,2022-02-27 16:52:11,70.8578,29.0864,39.0,81,100,31.7
523,Kamina,CD,2022-02-27 16:52:11,-8.7386,24.9906,67.19,91,85,1.9
524,Gonaives,HT,2022-02-27 16:52:12,19.45,-72.6833,78.78,44,4,4.85
525,Usevya,TZ,2022-02-27 16:52:12,-7.1,31.2333,67.62,92,98,4.12
526,Agucadoura,PT,2022-02-27 16:52:12,41.4318,-8.7804,62.24,76,37,5.39
527,Lufilufi,WS,2022-02-27 16:52:12,-13.8745,-171.5986,79.48,87,92,9.4
528,Thiruvananthapuram,IN,2022-02-27 16:52:13,8.4833,76.9167,78.22,80,13,0.96
529,Kamaishi,JP,2022-02-27 16:52:13,39.2667,141.8833,35.58,67,10,7.83
530,Chiredzi,ZW,2022-02-27 16:52:13,-21.05,31.6667,77.58,47,4,2.01
531,Ust-Kuyga,RU,2022-02-27 16:52:14,70.0167,135.6,-17.16,100,100,4.34
532,Saint-Francois,FR,2022-02-27 16:52:15,46.4154,3.9054,49.44,50,0,9.22
533,Roald,NO,2022-02-27 16:52:15,62.5833,6.1333,43.99,61,33,16.04
534,Sabzevar,IR,2022-02-27 16:52:15,36.2126,57.6819,49.91,64,1,6.62
535,Geelong,AU,2022-02-27 16:51:49,-38.1471,144.3607,69.08,90,100,8.05
536,Awjilah,LY,2022-02-27 16:52:15,29.1081,21.2869,69.12,25,2,4.99
537,Ponnani,IN,2022-02-27 16:52:16,10.767,75.9252,78.96,78,1,3.31
538,Sabang,ID,2022-02-27 16:52:16,5.8933,95.3214,77.27,83,100,4.07
539,Sarangani,PH,2022-02-27 16:52:17,5.4033,125.4636,76.59,90,100,8.5
540,Ginda,IN,2022-02-27 16:52:17,30.6945,78.4932,39.51,46,2,8.12
541,Governador Dix-Sept Rosado,BR,2022-02-27 16:52:17,-5.4577,-37.5209,97.12,30,76,7.25
542,Jieshi,CN,2022-02-27 16:52:17,22.8134,115.8257,61.27,85,38,13.85
543,Paciran,ID,2022-02-27 16:52:18,-6.8767,112.3761,78.22,87,96,8.95
544,Monticello,US,2022-02-27 16:52:18,45.3055,-93.7941,20.19,87,67,3.18
545,Pudozh,RU,2022-02-27 16:52:18,61.8099,36.5345,17.46,92,70,7.05
546,Rio Verde De Mato Grosso,BR,2022-02-27 16:52:19,-18.9181,-54.8442,90.91,52,2,6.04
547,Teknaf,BD,2022-02-27 16:52:19,20.8624,92.3058,69.96,53,0,8.39
548,Samarai,PG,2022-02-27 16:52:19,-10.6167,150.6667,80.98,76,90,7.02
549,Raton,US,2022-02-27 16:53:20,36.9034,-104.4391,48.63,35,0,2.04
550,Meridian,US,2022-02-27 16:53:20,43.6121,-116.3915,26.55,53,100,11.14
551,Viedma,AR,2022-02-27 16:51:40,-40.8135,-62.9967,75.04,24,2,32.97
552,Khash,IR,2022-02-27 16:53:20,28.2211,61.2158,63.68,31,51,21.81
553,Batagay-Alyta,RU,2022-02-27 16:53:20,67.8006,130.4114,-1.16,98,100,3.91
554,Gamboma,CG,2022-02-27 16:53:21,-1.8764,15.8644,75.96,84,98,2.21
555,Salekhard,RU,2022-02-27 16:53:21,66.53,66.6019,3.7,88,48,8.88
556,Alice Springs,AU,2022-02-27 16:53:21,-23.7,133.8833,80.47,32,4,4.81
557,Khor,RU,2022-02-27 16:53:22,47.8861,134.9464,-2.96,91,16,9.35
558,Buala,SB,2022-02-27 16:53:22,-8.145,159.5921,78.35,87,100,6.85
559,Harper,LR,2022-02-27 16:53:22,4.375,-7.7169,83.73,70,62,10.29
560,Ondangwa,NA,2022-02-27 16:53:22,-17.9167,15.95,84.18,39,60,2.55
561,Puerto El Triunfo,SV,2022-02-27 16:53:23,13.2833,-88.55,87.4,45,51,8.14
562,Mehran,IR,2022-02-27 16:53:23,33.1222,46.1646,62.08,44,0,11.88
